{
  "B_TO_C_monitoring_setup_request.txt": 1749176839.5364401,
  "STATUS_A": 1749165735.1214893,
  "STATUS_B": 1749183384.440026,
  "A_TO_C_website_implementation_request.txt": 1749180012.885942
}